﻿<?xml version="1.0" encoding="utf-8"?>
<key id="dc0323fc-b243-483c-8890-5280c150b63f" version="1">
  <creationDate>2019-08-06T13:47:31.167485Z</creationDate>
  <activationDate>2019-08-06T13:47:31.017452Z</activationDate>
  <expirationDate>2019-11-04T13:47:31.017452Z</expirationDate>
  <descriptor deserializerType="Microsoft.AspNetCore.DataProtection.AuthenticatedEncryption.ConfigurationModel.AuthenticatedEncryptorDescriptorDeserializer, Microsoft.AspNetCore.DataProtection, Version=2.1.1.0, Culture=neutral, PublicKeyToken=adb9793829ddae60">
    <descriptor>
      <encryption algorithm="AES_256_CBC" />
      <validation algorithm="HMACSHA256" />
      <masterKey p4:requiresEncryption="true" xmlns:p4="http://schemas.asp.net/2015/03/dataProtection">
        <!-- Warning: the key below is in an unencrypted form. -->
        <value>VyHJMwmpBo6FZPANFpFtPNWJa+Lx9iGvPE/XEu7qPIMFfP8npkxjXE45GNUBdIMh6eR4L+MgC4sLCcz4HWiibQ==</value>
      </masterKey>
    </descriptor>
  </descriptor>
</key>