﻿<?xml version="1.0" encoding="utf-8"?>
<key id="3e709bfc-db7e-4d6b-b386-701f3686a794" version="1">
  <creationDate>2019-05-04T03:51:08.470871Z</creationDate>
  <activationDate>2019-05-04T03:51:08.2503695Z</activationDate>
  <expirationDate>2019-08-02T03:51:08.2503695Z</expirationDate>
  <descriptor deserializerType="Microsoft.AspNetCore.DataProtection.AuthenticatedEncryption.ConfigurationModel.AuthenticatedEncryptorDescriptorDeserializer, Microsoft.AspNetCore.DataProtection, Version=2.1.1.0, Culture=neutral, PublicKeyToken=adb9793829ddae60">
    <descriptor>
      <encryption algorithm="AES_256_CBC" />
      <validation algorithm="HMACSHA256" />
      <masterKey p4:requiresEncryption="true" xmlns:p4="http://schemas.asp.net/2015/03/dataProtection">
        <!-- Warning: the key below is in an unencrypted form. -->
        <value>G369GJ7dcFgtXQlKZtr6aGdH80HYS8a7qYBCfuBk5nnBXWATYW6AaYOUeYuLjNW2i/nUtkquHxeLQPhJ5LqBIA==</value>
      </masterKey>
    </descriptor>
  </descriptor>
</key>